frame_idx,frame_time,steering_time,steering_angle,time_diff
0,9314.094931,9314.160267904,-3.1,0.06533690400101477
1,9314.144943,9314.160267904,-3.1,0.015324904001317918
2,9314.194964,9314.188258341332,-3.5,0.006705658668579417
3,9314.244929,9314.238213164,-4.0,0.006715835999784758
4,9314.294969,9314.298256268334,-4.1,0.003287268333224347
5,9314.344942,9314.353416685,-4.1,0.008474685000692261
6,9314.394943,9314.392208164,-4.1,0.002734835999945062
7,9314.444926,9314.441767549668,-4.2,0.003158450332193752
8,9314.494985,9314.489196445333,-3.9,0.00578855466665118
9,9314.545013,9314.53890457,-3.9,0.006108430001404486
10,9314.594927,9314.598063903333,-4.1,0.003136903333142982
11,9314.644952,9314.649805799667,-3.7,0.004853799666307168
12,9314.694956,9314.699208705335,-3.2,0.0042527053356025135
13,9314.744920000001,9314.744070788332,-3.2,0.000849211668537464
14,9314.794926,9314.792651028332,-3.1,0.0022749716681573773
15,9314.84492,9314.84261858,-3.4,0.00230141999963962
16,9314.894925,9314.887942986334,-4.1,0.006982013666856801
17,9314.944961000001,9314.952956798668,-5.0,0.00799579866725253
18,9314.994922,9314.997221559,-5.4,0.0022995590006757993
19,9315.044917000001,9315.050586820333,-5.5,0.005669820331604569
20,9315.09492,9315.089948059,-5.2,0.0049719409998942865
21,9315.144917,9315.153010799333,-4.9,0.008093799333437346
22,9315.194982,9315.192183757334,-4.7,0.002798242667267914
23,9315.244916,9315.241887934,-4.7,0.0030280659993877634
24,9315.294921,9315.297390455,-5.2,0.002469454999300069
25,9315.344912,9315.346988111334,-5.8,0.002076111333735753
26,9315.394951,9315.392685091,-6.2,0.0022659090009256033
27,9315.444917,9315.442514611666,-6.2,0.002402388334303396
28,9315.494997,9315.492272184334,-6.2,0.0027248156657151412
29,9315.544917000001,9315.541613736666,-6.4,0.00330326333460107
30,9315.594928,9315.589814132665,-6.8,0.0051138673352397745
31,9315.644909,9315.652487663332,-7.1,0.00757866333151469
32,9315.694922,9315.696675038333,-7.2,0.0017530383320263354
33,9315.744907,9315.746518319667,-6.9,0.0016113196670630714
34,9315.794922000001,9315.792256101333,-6.6,0.0026658986680558883
35,9315.84491,9315.843324153,-6.6,0.0015858469996601343
36,9315.894927,9315.888723756667,-6.8,0.0062032433324930025
37,9315.944904,9315.938810048334,-6.9,0.006093951666116482
38,9315.994908,9316.002393913666,-6.9,0.007485913665732369
39,9316.044903,9316.047153600333,-6.9,0.0022506003333546687
40,9316.0949,9316.097634423333,-6.9,0.0027344233330950374
41,9316.144906,9316.153027194,-6.9,0.008121193999613752
42,9316.194903,9316.192081569667,-6.9,0.0028214303329150425
43,9316.244899,9316.242058423666,-6.9,0.00284057633325574
44,9316.294902,9316.287633538,-6.9,0.007268461999046849
45,9316.3449,9316.337424101,-6.9,0.007475898999473429
46,9316.394964000001,9316.397706132333,-7.0,0.0027421323320595548
47,9316.4449,9316.451727976,-6.9,0.006827975999840419
48,9316.494899,9316.495897819666,-6.8,0.000998819667074713
49,9316.544896,9316.540201246,-6.9,0.0046947539995017
50,9316.594896,9316.591579319333,-6.9,0.0033166806679219007
51,9316.644929,9316.641422684,-6.4,0.0035063159994024318
52,9316.694895,9316.697387558332,-5.0,0.002492558331141481
53,9316.744895,9316.753210016668,-3.4,0.008315016668348107
54,9316.794896,9316.794601631333,-1.8,0.0002943686668004375
55,9316.844895,9316.842523006333,-0.6000000000000001,0.002371993667111383
56,9316.894894000001,9316.898411444,-0.2,0.0035174439999536844
57,9316.944892,9316.953031829335,-0.7000000000000001,0.008139829335050308
58,9316.994892,9316.991659673666,-1.4,0.003232326334909885
59,9317.044885,9317.036895746334,-1.7,0.007989253665073193
60,9317.094892000001,9317.097174267,-1.7,0.002282266999827698
61,9317.144895,9317.150579881667,-1.7,0.005684881667548325
62,9317.194897,9317.192377121,-2.1,0.0025198789990099613
63,9317.244887,9317.242270714667,-2.8,0.0026162853337154957
64,9317.294888,9317.291831507,-3.6,0.0030564930002583424
65,9317.344893,9317.350694787334,-4.8,0.005801787334348774
66,9317.394889000001,9317.397875027667,-5.3,0.0029860276663384866
67,9317.44491,9317.451572579666,-5.4,0.00666257966622652
68,9317.494899,9317.493241913,-5.2,0.001657086999330204
69,9317.544939,9317.542879579,-4.8,0.0020594210000126623
70,9317.594887,9317.591733620668,-4.3,0.003153379331706674
71,9317.644879,9317.642503006666,-3.9,0.0023759933337714756
72,9317.694885,9317.691469319,-3.8,0.003415681001570192
73,9317.744881,9317.750277985668,-3.8,0.005396985667175613
74,9317.794895,9317.79943309,-3.8,0.004538089999186923
75,9317.844902,9317.843940527,-3.8,0.0009614730006433092
76,9317.89488,9317.892229579333,-3.9,0.0026504206671233987
77,9317.944877,9317.941797433667,-4.2,0.003079566333326511
78,9317.994878,9317.999741808333,-4.2,0.004863808333539055
79,9318.044874000001,9318.050667526668,-4.2,0.005793526666820981
80,9318.094896,9318.097702735666,-4.3,0.002806735665217275
81,9318.144878000001,9318.136392881666,-4.1,0.008485118334647268
82,9318.194893,9318.195437235001,-3.7,0.0005442350011435337
83,9318.244896,9318.242611027,-3.2,0.0022849729994049994
84,9318.294887,9318.292202828667,-2.7,0.0026841713333851658
85,9318.344874,9318.341898037,-2.3,0.0029759629996988224
86,9318.394913,9318.389869516333,-1.9,0.00504348366666818
87,9318.444869,9318.450353652,-1.7,0.0054846519997227006
88,9318.494872,9318.494751839,-1.7,0.00012016099935863167
89,9318.544898,9318.541392047668,-1.6,0.0035059523324889597
90,9318.594889,9318.592289391667,-1.3,0.002599608333184733
91,9318.644867,9318.642034329,-0.8999999999999999,0.002832671001669951
92,9318.694871,9318.687905953668,-0.7999999999999999,0.00696504633197037
93,9318.744862,9318.748406703668,-0.7999999999999999,0.0035447036680125166
94,9318.794873,9318.797963235,-0.7999999999999999,0.0030902349990356015
95,9318.844866,9318.837201943667,-0.7999999999999999,0.007664056332941982
96,9318.894867,9318.893976297333,-0.7999999999999999,0.0008907026676752139
97,9318.944864000001,9318.941235818666,-0.7999999999999999,0.0036281813354435144
98,9318.994905,9318.992202881333,-0.7000000000000001,0.002702118667002651
99,9319.044861,9319.038820245332,-0.7000000000000001,0.006040754667992587
100,9319.094859,9319.098094713667,-1.0,0.0032357136660721153
101,9319.144861,9319.153534443667,-1.2,0.008673443666339153
102,9319.19487,9319.197919776332,-1.3,0.0030497763327730354
103,9319.24486,9319.242355193,-1.5,0.002504807000150322
104,9319.294856,9319.292246943001,-1.9,0.0026090569990628865
105,9319.344859,9319.341930964,-2.1,0.0029280360013217432
106,9319.394866,9319.387639985,-2.2,0.007226015000924235
107,9319.444854,9319.451196318334,-2.3,0.0063423183346458245
108,9319.49486,9319.498413682666,-2.4,0.0035536826653697062
109,9319.544865,9319.549552224667,-2.5,0.004687224667577539
110,9319.594857,9319.593537787334,-2.6,0.0013192126662033843
111,9319.644864,9319.64318811,-2.6,0.0016758900001150323
112,9319.694880000001,9319.692464807333,-2.8,0.002415192668195232
113,9319.744850000001,9319.739335974333,-3.2,0.005514025668162503
114,9319.794859,9319.798745953667,-3.4,0.003886953667461057
115,9319.844906,9319.853965870001,-3.5,0.009059870000783121
116,9319.894851000001,9319.893671078,-3.5,0.001179922001028899
117,9319.944848000001,9319.943770755333,-3.5,0.001077244667612831
118,9319.994866000001,9319.989949953668,-3.6,0.004916046333164559
119,9320.044846,9320.039453202999,-3.8,0.005392797002059524
120,9320.094841,9320.089178485,-4.0,0.005662515000949497
121,9320.144861,9320.148250505667,-4.0,0.003389505665836623
122,9320.194862,9320.197805713668,-3.7,0.0029437136672640918
123,9320.244888000001,9320.236730276,-3.4,0.008157724001648603
124,9320.294861,9320.292512088332,-3.0,0.0023489116683776956
125,9320.344842,9320.342150995333,-3.0,0.0026910046672128374
126,9320.394845,9320.397601547,-2.7,0.002756546999080456
127,9320.444837000001,9320.442066151332,-2.5,0.0027708486686606193
128,9320.494863,9320.497948078,-1.8,0.0030850780003675027
129,9320.54484,9320.550646640666,-1.1,0.005806640665468876
130,9320.594858,9320.597528161334,-0.5,0.0026701613332988927
131,9320.644843,9320.649587224332,-0.2,0.004744224332171143
132,9320.694861,9320.688617494667,-0.2,0.006243505333259236
133,9320.744894,9320.741187380334,-0.30000000000000004,0.0037066196655359818
134,9320.794856,9320.788246567667,-0.30000000000000004,0.0066094323337893
135,9320.844843,9320.850125099001,-0.30000000000000004,0.005282099000396556
136,9320.894837,9320.897096234,-0.4,0.0022592340010305634
137,9320.944841,9320.954722266,-0.6000000000000001,0.009881265999865718
138,9320.99484,9320.993575712999,-1.0,0.001264287000594777
139,9321.044837,9321.043412129666,-1.4,0.0014248703337216284
140,9321.094833000001,9321.091376192333,-1.9,0.0034568076680443482
141,9321.144833,9321.141076901,-2.3,0.0037560990003839834
142,9321.194907000001,9321.201991171665,-2.5,0.0070841716642462416
143,9321.244842,9321.252094005,-2.7,0.007252004999827477
144,9321.294831000001,9321.299066942333,-2.7,0.004235942331433762
145,9321.344831,9321.343666233666,-2.6,0.001164766334113665
146,9321.394852,9321.388211755,-2.6,0.00664024499928928
147,9321.444853,9321.443397036333,-2.7,0.0014559636674675858
148,9321.494845000001,9321.489797942666,-2.7,0.00504705733510491
149,9321.544827,9321.552685900333,-2.6,0.007858900333303609
150,9321.594828,9321.597197172001,-2.4,0.0023691720016358886
151,9321.644861,9321.652574640333,-2.2,0.007713640332440264
152,9321.694831,9321.691394672,-1.8,0.0034363280010438757
153,9321.744831,9321.741535161333,-1.6,0.003295838667327189
154,9321.794841,9321.790581192667,-1.6,0.004259807334165089
155,9321.844849000001,9321.852098265332,-1.5,0.007249265330756316
156,9321.894863,9321.901306379666,-1.6,0.006443379666961846
157,9321.944827,9321.949241265333,-1.5,0.0044142653332528425
158,9321.994822,9321.998846515335,-1.5,0.004024515334094758
159,9322.044828,9322.043629045998,-1.5,0.0011989540016656974
160,9322.094867,9322.090871963,-1.5,0.003995036999185686
161,9322.144821,9322.146604014666,-1.5,0.0017830146662163315
162,9322.194855,9322.190613817333,-1.5,0.004241182667101384
163,9322.24482,9322.251910025667,-1.5,0.00709002566691197
164,9322.294833,9322.29604488,-1.5,0.001211880000482779
165,9322.34482,9322.351634119,-1.5,0.006814119000409846
166,9322.394818,9322.395833379665,-1.5,0.0010153796647500712
167,9322.444819,9322.440299275333,-1.5,0.004519724667261471
168,9322.494817,9322.498614389668,-1.5,0.003797389666942763
169,9322.544816,9322.549417400665,-1.5,0.004601400665706024
170,9322.594817000001,9322.601700576999,-1.7,0.006883576998006902
171,9322.644811,9322.650302160999,-1.8,0.005491160998644773
172,9322.694813,9322.695130962667,-2.1,0.0003179626673954772
173,9322.74481,9322.742444587666,-2.3,0.002365412334256689
174,9322.794811,9322.791731671334,-2.5,0.003079328665990033
175,9322.844811,9322.841925660667,-2.6,0.002885339334170567
176,9322.894809,9322.899668681,-2.7,0.004859681001107674
177,9322.94481,9322.952429827334,-3.0,0.007619827332746354
178,9322.99481,9322.996641472666,-3.2,0.0018314726657990832
179,9323.044827,9323.052373431667,-3.6,0.007546431666924036
180,9323.094808,9323.091305452,-4.0,0.0035025479992327746
181,9323.144807,9323.141178942,-4.2,0.0036280580006859964
182,9323.194806,9323.190698347667,-4.1,0.004107652332095313
183,9323.244804,9323.240826077,-4.0,0.003977922999183647
184,9323.294823,9323.293978129666,-3.7,0.0008448703338217456
185,9323.344805,9323.343843765,-3.4,0.0009612350004317705
186,9323.394804,9323.393788952333,-3.4,0.0010150476664421149
187,9323.444804,9323.440782067,-3.4,0.004021933000331046
188,9323.494816,9323.491385119,-3.3,0.0034308810008951696
189,9323.54483,9323.541025649667,-3.2,0.0038043503336666618
190,9323.594797,9323.586727285332,-2.9,0.008069714667726657
191,9323.644802,9323.650171504,-2.7,0.005369503998736036
192,9323.694799,9323.697142764,-2.6,0.0023437639993062476
193,9323.744808,9323.750012014334,-2.6,0.005204014334594831
194,9323.794815,9323.791391462,-2.6,0.0034235379989695502
195,9323.844797,9323.841653055668,-2.4,0.0031439443318959093
196,9323.894837,9323.888900369,-2.4,0.005936630999713088
197,9323.944796,9323.938291858332,-2.3,0.006504141667392105
198,9323.9948,9323.998260410666,-2.5,0.0034604106658662204
199,9324.044794,9324.053250421,-2.8,0.008456421001028502
200,9324.094791,9324.092520847335,-3.4,0.0022701526650052983
201,9324.144797,9324.142054784666,-4.1,0.002742215334365028
202,9324.19479,9324.190142712667,-4.8,0.004647287332772976
203,9324.244796,9324.240043056,-5.2,0.004752944001666037
204,9324.294792,9324.290237337,-5.3,0.004554663000817527
205,9324.344796,9324.351811107666,-5.1,0.007015107667029952
206,9324.394789,9324.396160941333,-4.7,0.0013719413327635266
207,9324.444783,9324.452375847666,-4.4,0.007592847665364388
208,9324.494791000001,9324.491751264333,-4.3,0.003039735667698551
209,9324.544786,9324.53877341,-4.3,0.006012589999954798
210,9324.59482,9324.596908577,-4.4,0.0020885769990854897
211,9324.644785,9324.652596086999,-4.5,0.007811086998117389
212,9324.694789000001,9324.696517795666,-4.4,0.001728795665258076
213,9324.744784,9324.749175472332,-4.3,0.004391472331917612
214,9324.794797,9324.793207524,-4.2,0.0015894759999355301
215,9324.844795,9324.849276264,-4.1,0.004481263998968643
216,9324.89478,9324.891144451332,-3.8,0.0036355486681713955
217,9324.94478,9324.941272931,-3.6,0.00350706899916986
218,9324.994779,9324.998970982666,-3.2,0.004191982665361138
219,9325.044781,9325.051598961665,-2.8,0.006817961664637551
220,9325.094776,9325.096169451666,-2.2,0.0013934516664448893
221,9325.144818,9325.150311899333,-1.1,0.005493899332577712
222,9325.194817,9325.192061180333,-0.4,0.002755819667072501
223,9325.244791000001,9325.242295117667,0.1,0.002495882334187627
224,9325.29486,9325.29105367,0.30000000000000004,0.003806329999861191
225,9325.344773,9325.350239108,0.2,0.005466107999382075
226,9325.394809,9325.397238420333,0.2,0.0024294203340105014
227,9325.44477,9325.452483013667,0.4,0.00771301366694388
228,9325.494776,9325.496822639,0.4,0.002046638999672723
229,9325.544769,9325.541614711667,0.2,0.0031542883334623184
230,9325.644778,9325.639012784333,-0.4,0.005765215666542645
231,9325.694776,9325.697835555,-0.30000000000000004,0.00305955499970878
232,9325.744777,9325.749621836667,-0.1,0.004844836666961783
233,9325.794784,9325.796454055333,-0.2,0.0016700553333066637
234,9325.844768,9325.851171462,-0.2,0.006403461999070714
235,9325.894762,9325.889850764,0.0,0.004911235999315977
236,9325.944762000001,9325.939549273668,0.0,0.0052127263334114105
237,9325.994779,9325.989317325999,-0.1,0.005461674001708161
238,9326.044763,9326.051102107333,-0.2,0.006339107332678395
239,9326.094759,9326.098201336,-0.30000000000000004,0.0034423360011714976
240,9326.144771,9326.151235211666,-0.5,0.006464211666752817
241,9326.194794000001,9326.192824877668,-0.7999999999999999,0.0019691223333211383
242,9326.24477,9326.243049544333,-0.8999999999999999,0.0017204556661454262
243,9326.294768,9326.289281117668,-1.1,0.0054868823317519855
244,9326.344758000001,9326.341928034333,-1.2,0.002829965667842771
245,9326.39477,9326.397614086665,-1.2,0.0028440866644814378
246,9326.444765,9326.450563472,-1.2,0.005798472000606125
247,9326.494776,9326.492155659,-1.2,0.002620340999783366
248,9326.544799,9326.54185217,-1.2,0.0029468299999280134
249,9326.594761,9326.592241680333,-1.2,0.0025193196670443285
250,9326.644754,9326.639281221333,-1.2,0.005472778668263345
251,9326.694773000001,9326.697674357,-1.2,0.0029013569983362686
252,9326.74478,9326.750608055332,-1.2,0.005828055331221549
253,9326.794767,9326.797402388333,-1.0,0.002635388333146693
254,9326.844751,9326.847750045,-0.8999999999999999,0.002999045000251499
255,9326.894755,9326.892522878,-1.0,0.002232121998531511
256,9326.944794000001,9326.939687377999,-1.1,0.005106622002131189
257,9326.994777,9327.000127939998,-1.5,0.005350939998606918
258,9327.044747,9327.050750867667,-1.7,0.006003867667459417
259,9327.094765,9327.097807398666,-2.1,0.0030423986663663527
260,9327.14475,9327.153085002334,-2.7,0.008335002334206365
261,9327.19477,9327.197684992667,-3.5,0.0029149926667741966
262,9327.244745,9327.242345846,-4.1,0.0023991540001588874
263,9327.294766,9327.299796971,-4.2,0.005030970998632256
264,9327.344773,9327.341342533668,-4.2,0.003430466333156801
265,9327.394754,9327.400343096668,-4.0,0.0055890966668812325
266,9327.44475,9327.451547221666,-3.6,0.006797221665692632
267,9327.494748000001,9327.498754305,-2.9,0.0040063049982563825
268,9327.544742,9327.543264982,-1.8,0.001477018000514363
269,9327.594759,9327.592566669,-1.0,0.002192330999605474
270,9327.644742,9327.642305721001,-0.5,0.0024362789990846068
271,9327.694744,9327.688783866668,-0.4,0.005960133332337136
272,9327.744739,9327.751271075,-0.6000000000000001,0.00653207499999553
273,9327.794755,9327.800697148334,-0.6000000000000001,0.005942148332906072
274,9327.844739,9327.845285752333,-0.6000000000000001,0.0005467523333209101
275,9327.894746,9327.894272377667,-0.6000000000000001,0.00047362233271996956
276,9327.944738,9327.943915085334,-0.6000000000000001,0.0008229146660596598
277,9327.99475,9327.991714075668,-0.8999999999999999,0.0030359243319253437
278,9328.044736,9328.03593493,-1.2,0.008801070000117761
279,9328.09477,9328.099388241668,-1.5,0.004618241668140399
280,9328.144751,9328.150564366668,-2.0,0.005813366668007802
281,9328.19475,9328.197448908333,-2.8,0.002698908332604333
282,9328.244732000001,9328.251280585333,-3.7,0.0065485853319842136
283,9328.294782,9328.287473054,-4.7,0.007308946000193828
284,9328.344736000001,9328.342774346334,-5.8,0.001961653666512575
285,9328.394734,9328.402825127,-7.6,0.008091126999715925
286,9328.444732,9328.449990169,-8.8,0.005258168999716872
287,9328.494733,9328.496778647666,-9.3,0.002045647666818695
288,9328.544728,9328.546619273,-9.6,0.0018912729992734967
289,9328.594748,9328.597973929667,-10.6,0.003225929667678429
290,9328.644726,9328.642224637666,-12.2,0.002501362334442092
291,9328.694729,9328.689513772666,-14.2,0.005215227334701922
292,9328.744726,9328.739240908333,-16.2,0.005485091667651432
293,9328.794746,9328.798703512666,-18.3,0.00395751266660227
294,9328.84473,9328.851016346,-19.4,0.006286345998887555
295,9328.894815,9328.89393019,-20.1,0.0008848099987517344
296,9328.944746000001,9328.953012918333,-20.8,0.00826691833208315
297,9328.994837,9328.989448533,-21.4,0.00538846699964779
298,9329.044724,9329.041617564333,-21.8,0.0031064356662682258
299,9329.094736000001,9329.091545960333,-22.0,0.003190039667970268
300,9329.144738,9329.150676783333,-21.9,0.00593878333165776
301,9329.194735000001,9329.197779658332,-21.3,0.003044658331418759
302,9329.244719,9329.253112408,-20.1,0.008393407999392366
303,9329.294716,9329.297129002,-18.8,0.0024130019992298912
304,9329.344717,9329.341274158001,-17.4,0.003442841998548829
305,9329.394737,9329.392225616333,-15.8,0.0025113836672971956
306,9329.444716,9329.437092012,-14.0,0.007623987999977544
307,9329.494744,9329.498585283001,-11.8,0.0038412830017477972
308,9329.544729000001,9329.553794127001,-9.9,0.00906512700021267
309,9329.594739,9329.597871793334,-8.3,0.0031327933338616276
310,9329.644711,9329.642274783,-7.2,0.0024362170006497763
311,9329.694718,9329.690903397333,-6.3,0.003814602667262079
312,9329.744712,9329.751017126668,-4.9,0.006305126667939476
313,9329.794715,9329.786950095668,-4.2,0.007764904332361766
314,9329.844722,9329.853501439666,-3.2,0.008779439665886457
315,9329.894712,9329.897568605667,-2.3,0.0028566056680574547
316,9329.944788,9329.949349991,-1.2,0.004561990999718546
317,9329.994735,9329.990675335333,0.1,0.004059664666783647
318,9330.044706,9330.043228001667,1.2,0.0014779983339394676
319,9330.094706,9330.089181877001,2.0,0.005524122998394887
320,9330.144724,9330.153836418334,2.5,0.009112418334552785
321,9330.194723,9330.198287043335,3.7,0.00356404333433602
322,9330.244718,9330.252754741,4.8,0.008036741000978509
323,9330.294706,9330.297018970667,5.9,0.002312970666025649
324,9330.344701,9330.350473543,7.2,0.005772542999693542
325,9330.394707,9330.389317897,8.5,0.005389103000197792
326,9330.444701,9330.441836647668,9.3,0.0028643523328355514
327,9330.494705000001,9330.502772439333,9.6,0.00806743933208054
328,9330.544725,9330.550411949665,9.6,0.00568694966568728
329,9330.594734,9330.597470137,9.7,0.002736136999374139
330,9330.644698,9330.651145459668,10.1,0.006447459667469957
331,9330.694725,9330.690083053,10.6,0.004641946999981883
332,9330.744697,9330.744981605334,11.2,0.0002846053339453647
333,9330.7947,9330.789624928333,11.8,0.005075071667306474
334,9330.844695,9330.850539397667,12.2,0.0058443976668058895
335,9330.89471,9330.897380449,12.3,0.002670448999197106
336,9330.944703000001,9330.950269657667,12.3,0.0055666576663497835
337,9330.994702,9330.994367001,12.2,0.00033499900018796325
338,9331.044723,9331.044080126667,12.2,0.0006428733340726467
339,9331.094707,9331.09312622,12.0,0.0015807800009497441
340,9331.144694,9331.139894772,11.8,0.004799227999683353
341,9331.194752,9331.198718949332,11.3,0.003966949332607328
342,9331.24469,9331.237535928665,10.9,0.007154071334298351
343,9331.294695,9331.294807709668,10.3,0.00011270966751908418
344,9331.344689,9331.344590896666,9.8,9.810333358473144e-05
345,9331.394690000001,9331.391711219665,9.2,0.002978780335979536
346,9331.444696,9331.441307595,8.4,0.0033884050008055056
347,9331.494729,9331.499927980334,7.3,0.00519898033417121
348,9331.544707000001,9331.553574209667,6.3,0.008867209666277631
349,9331.5947,9331.597508271667,5.4,0.0028082716671633534
350,9331.644685,9331.651010417332,4.5,0.006325417332845973
351,9331.694705,9331.691206948668,3.7,0.0034980513319169404
352,9331.744682,9331.738289199,3.2,0.00639280100040196
353,9331.794736,9331.791876355332,3.0,0.002859644668205874
354,9331.84468,9331.842098605,2.9,0.0025813949996518204
355,9331.894698,9331.887213365666,2.9,0.007484634334105067
356,9331.944695,9331.937055938668,2.9,0.007639061332156416
357,9331.994681,9331.997407990335,2.7,0.0027269903348496882
358,9332.044677,9332.048218719334,2.5,0.003541719333952642
359,9332.094695,9332.090369771333,2.6,0.0043252286668575834
360,9332.14468,9332.142594178333,2.8,0.0020858216666965745
361,9332.194683,9332.191386552668,2.9,0.003296447332104435
362,9332.244677,9332.238173281667,3.0,0.006503718333988218
363,9332.294677,9332.296620876,3.1,0.001943876000950695
364,9332.344674,9332.347424115,3.2,0.002750114999798825
365,9332.394722000001,9332.394522448665,3.1,0.00019955133575422224
366,9332.444679,9332.441668313666,3.1,0.0030106863341643475
367,9332.494672,9332.491513990668,3.1,0.0031580093327647774
368,9332.544677,9332.542097917001,3.3,0.002579082998636295
369,9332.594669,9332.589255771667,3.6,0.005413228333054576
370,9332.64467,9332.649758615,4.1,0.0050886150002043
371,9332.69467,9332.696599042,4.4,0.0019290419986646157
372,9332.744738,9332.749887803,4.4,0.005149803000676911
373,9332.794683,9332.791430001,4.3,0.0032529990003240528
374,9332.844672000001,9332.841587229666,4.2,0.0030847703346807975
375,9332.894674000001,9332.891587876,4.1,0.0030861240011290647
376,9332.944689,9332.949282053,3.7,0.004593052999553038
377,9332.994666,9332.995964553002,3.4,0.0012985530011064839
378,9333.044671,9333.049539844,2.9,0.004868844000156969
379,9333.094676,9333.091228521,2.6,0.0034474790008971468
380,9333.14467,9333.141212291666,2.5,0.0034577083333715564
381,9333.194665,9333.19125224,2.5,0.0034127600010833703
382,9333.244661,9333.241323135668,2.4,0.0033378643329342594
383,9333.294666,9333.302256396668,2.2,0.0075903966680925805
384,9333.344663,9333.352657010666,1.7,0.007994010666152462
385,9333.394672,9333.397043094,1.1,0.0023710940004093572
386,9333.444661,9333.452514687999,0.5,0.007853687999158865
387,9333.494667,9333.494142291667,0.0,0.0005247083336143987
388,9333.544661,9333.540913094334,-0.30000000000000004,0.0037479056663869414
389,9333.594654,9333.599972948667,-0.4,0.0053189486661722185
390,9333.644668,9333.651231219334,-0.4,0.006563219332747394
391,9333.694656,9333.695524812667,-0.30000000000000004,0.0008688126672495855
392,9333.744655,9333.745114072999,-0.30000000000000004,0.00045907299863756634
393,9333.794672,9333.796897427666,-0.4,0.0022254276664170902
394,9333.84469,9333.839847906665,-0.5,0.004842093334445963
395,9333.894656,9333.889266697666,-0.5,0.00538930233415158
396,9333.944706,9333.941977375332,-0.6000000000000001,0.0027286246677249437
397,9333.994648,9333.997219094,-0.7999999999999999,0.0025710940008139005
398,9334.044653,9334.050253229001,-1.0,0.005600229000265244
399,9334.094658,9334.094876687333,-1.3,0.0002186873334721895
400,9334.144652,9334.144707375,-1.7,5.5374999647028744e-05
401,9334.194649000001,9334.202515438,-2.2,0.007866437999837217
402,9334.24466,9334.241243083667,-2.4,0.0034169163336628117
403,9334.29465,9334.302107385667,-2.6,0.007457385667294147
404,9334.344665,9334.355105688,-2.8,0.010440688000016962
405,9334.394655,9334.399372406333,-3.0,0.004717406332929386
406,9334.444647,9334.44379974,-3.1,0.0008472600002278341
407,9334.494652,9334.492206802333,-3.2,0.002445197666020249
408,9334.544645,9334.541558937666,-3.2,0.0030860623337503057
409,9334.594733,9334.590596312666,-3.4,0.004136687333812006
410,9334.644661,9334.653060562667,-3.7,0.008399562666454585
411,9334.694686,9334.697369417,-4.2,0.0026834169984795153
412,9334.744647,9334.748263,-4.6,0.0036159999999654246
413,9334.794646,9334.794823802335,-4.9,0.0001778023342922097
414,9334.844639,9334.842588260666,-4.9,0.002050739334663376
415,9334.894642,9334.891582426666,-4.9,0.0030595733333029784
416,9334.944638,9334.941331614666,-4.9,0.003306385335235973
417,9334.994688,9334.990876364334,-4.9,0.003811635666352231
418,9335.044641,9335.050083312333,-4.7,0.005442312332888832
419,9335.094643,9335.096766177001,-4.4,0.002123177000612486
420,9335.144677,9335.152883801335,-4.1,0.008206801334381453
421,9335.194639,9335.188964531333,-3.9,0.005674468666256871
422,9335.244632,9335.241287760333,-3.8,0.003344239667057991
423,9335.294634,9335.289142156333,-3.8,0.005491843667186913
424,9335.344641,9335.353158093334,-3.8,0.008517093334376113
425,9335.394631000001,9335.397239718,-3.8,0.002608717999464716
426,9335.444649000001,9335.452800895666,-3.8,0.008151895664923359
427,9335.494632,9335.496725416333,-3.7,0.002093416333082132
428,9335.544629,9335.547799322667,-3.6,0.0031703226668469142
429,9335.59464,9335.589204166667,-3.3,0.005435833332740003
430,9335.64463,9335.641592030666,-3.0,0.003037969334400259
431,9335.694628,9335.699875228333,-2.6,0.005247228333246312
432,9335.744630000001,9335.750700312,-2.3,0.006070311999792466
433,9335.794631,9335.79215102,-1.9,0.0024799800012260675
434,9335.844624,9335.850778478332,-1.4,0.006154478332973667
435,9335.894635,9335.890131937,-1.1,0.00450306300081138
436,9335.944661,9335.942346874666,-0.7000000000000001,0.0023141253332141787
437,9335.994645,9335.989351561668,-0.4,0.005293438332955702
438,9336.044626,9336.051449884333,-0.30000000000000004,0.0068238843323342735
439,9336.094623,9336.098669312334,-0.30000000000000004,0.004046312333230162
440,9336.144626,9336.151022457332,-0.4,0.006396457332812133
441,9336.194624,9336.198212759333,-0.4,0.003588759333069902
442,9336.24464,9336.242509363667,-0.5,0.00213063633418642
443,9336.294665,9336.287771906,-0.5,0.0068930939996789675
444,9336.344615,9336.343072333,-0.7000000000000001,0.0015426669997395948
445,9336.394626,9336.398428405,-0.7999999999999999,0.0038024050008971244
446,9336.444617000001,9336.449307780334,-0.8999999999999999,0.004690780333476141
447,9336.494638,9336.499182738666,-1.0,0.004544738665572368
448,9336.544617,9336.543355905334,-1.2,0.001261094665096607
449,9336.594634000001,9336.590007937,-1.2,0.004626063000614522
450,9336.644614,9336.642515061667,-1.3,0.002098938333801925
451,9336.694619,9336.688765676,-1.2,0.005853324000781868
452,9336.74462,9336.738358832667,-1.2,0.006261167332922923
453,9336.794629,9336.798240072334,-1.2,0.0036110723340243567
454,9336.844609,9336.849250717665,-1.2,0.004641717665435863
455,9336.894617,9336.894039738334,-1.3,0.0005772616659669438
456,9336.944611,9336.944029832333,-1.3,0.0005811676674056798
457,9336.994621,9336.992625499,-1.3,0.0019955009993282147
458,9337.044607,9337.042336509334,-1.3,0.0022704906659782864
459,9337.094647,9337.098253936,-1.2,0.003606935999414418
460,9337.144608,9337.151324665665,-1.1,0.006716665664498578
461,9337.194646,9337.198153655001,-1.0,0.0035076550011581276
462,9337.244604,9337.242628207,-0.7000000000000001,0.001975793000383419
463,9337.294612,9337.289506124,-0.2,0.005105876000015996
464,9337.344601,9337.343380884666,0.30000000000000004,0.0012201153349451488
465,9337.394606,9337.389234602999,1.0,0.005371397000999423
466,9337.444604,9337.436392488,1.6,0.008211512000343646
467,9337.494615,9337.499314123334,2.4,0.004699123333921307
468,9337.54463,9337.553360613,2.5,0.008730612998988363
469,9337.594604,9337.592149301,2.5,0.002454699000736582
470,9337.644601,9337.64180727,2.2,0.002793730000121286
471,9337.694623,9337.692071186333,1.7,0.002551813666286762
472,9337.744598,9337.739143884333,1.1,0.005454115665997961
473,9337.794598,9337.802539665,0.4,0.007941664998725173
474,9337.84463,9337.853317873332,0.0,0.008687873332746676
475,9337.894597,9337.897405019667,-0.2,0.0028080196661903756
476,9337.944596,9337.950665738666,-0.4,0.006069738667065394
477,9337.994614000001,9337.992278707334,-0.5,0.0023352926673396723
478,9338.044598,9338.042124311,-0.7999999999999999,0.0024736890009080525
479,9338.094602000001,9338.092033758667,-1.2,0.0025682413343020016
480,9338.144593,9338.153061769,-1.3,0.008468768999591703
481,9338.194633000001,9338.197163321667,-1.3,0.0025303216661995975
482,9338.244592000001,9338.244884811,-1.3,0.00029281099887157325
483,9338.294615,9338.294737727334,-1.5,0.00012272733329155017
484,9338.344625,9338.342177748,-1.8,0.0024472519999108044
485,9338.394607,9338.392215175665,-2.1,0.002391824335063575
486,9338.444587,9338.442306602332,-2.4,0.0022803976680734195
487,9338.494627,9338.497937258668,-2.5,0.003310258667625021
488,9338.544616000001,9338.553354529999,-2.4,0.008738529997572186
489,9338.594627,9338.59765904,-2.4,0.003032040000107372
490,9338.644589,9338.642161915,-2.4,0.0024270849989989074
491,9338.694591,9338.690899405,-2.3,0.003691594998599612
492,9338.744588,9338.743352832,-2.0,0.0012351679997664178
493,9338.794600000001,9338.787682936,-1.7,0.006917064001754625
494,9338.844592,9338.852228206666,-1.3,0.007636206666575163
495,9338.89459,9338.896417582,-1.0,0.0018275820002600085
496,9338.944618,9338.943954279666,-0.6000000000000001,0.0006637203332502395
497,9338.994607,9338.993809196332,-0.4,0.0007978036683198297
498,9339.04458,9339.055020571333,-0.2,0.010440571333674598
499,9339.094589,9339.088675925334,0.1,0.005913074666750617
500,9339.144599,9339.138578967,0.30000000000000004,0.006020032999003888
501,9339.194628,9339.198933414667,0.30000000000000004,0.0043054146681242855
502,9339.244605,9339.234997467333,0.30000000000000004,0.00960753266735992
503,9339.294584,9339.293551362667,0.30000000000000004,0.0010326373321731808
504,9339.344578,9339.343485914334,0.30000000000000004,0.0010920856657321565
505,9339.39465,9339.388725759,0.30000000000000004,0.00592424100068456
506,9339.444575,9339.438484498334,0.2,0.006090501665312331
507,9339.494592000001,9339.499742362668,0.2,0.005150362667336594
508,9339.544601,9339.552872810333,0.30000000000000004,0.008271810333098983
509,9339.594612,9339.600222018998,0.30000000000000004,0.005610018997685984
510,9339.644573,9339.644679424666,0.2,0.00010642466622812208
511,9339.694575,9339.688717747667,-0.1,0.005857252332134522
512,9339.744585,9339.744011143668,-0.2,0.0005738563322665868
513,9339.79459,9339.790374726666,-0.4,0.004215273333102232
514,9339.844573,9339.837596414667,-0.7000000000000001,0.006976585333177354
515,9339.894572000001,9339.899554706333,-1.3,0.0049827063321572496
516,9339.944567,9339.955153925,-1.7,0.010586925000097835
517,9339.9946,9339.994245925,-2.2,0.00035407500035944395
518,9340.044573000001,9340.043620018667,-2.4,0.0009529813341941917
519,9340.094569,9340.093434581,-2.7,0.001134419000663911
520,9340.144566,9340.143070883667,-3.2,0.0014951163338992046
521,9340.194577,9340.199088342,-3.8,0.004511342000114382
522,9340.244567,9340.252134195667,-3.9,0.0075671956674341345
523,9340.294572,9340.299690623,-3.9,0.005118622999361833
524,9340.344571,9340.344259383333,-3.7,0.00031161666629486717
525,9340.394566,9340.393383196,-3.5,0.0011828040005639195
526,9340.444561,9340.443241258,-2.9,0.0013197419993957737
527,9340.49459,9340.489699091666,-2.3,0.0048909083343460225
528,9340.544561,9340.536729685,-1.8,0.007831315000657924
529,9340.594555,9340.598253757667,-1.8,0.0036987576677347533
530,9340.644566,9340.636756247999,-1.8,0.00780975200177636
531,9340.694564,9340.693241841667,-1.8,0.0013221583321865182
532,9340.744585,9340.740002445333,-1.7,0.004582554667649674
533,9340.794561,9340.790687924999,-1.7,0.003873075002047699
534,9340.844556,9340.842794768001,-1.7,0.0017612319988984382
535,9340.894559,9340.899074362,-1.6,0.004515361999438028
536,9340.944553,9340.948485039,-1.6,0.00393203900057415
537,9340.994593,9340.999160997333,-1.7,0.004567997333651874
538,9341.044555,9341.044063727,-1.7,0.0004912730000796728
539,9341.094572,9341.090668143,-1.7,0.003903856999386335
540,9341.144567,9341.143345049333,-1.6,0.001221950666149496
541,9341.194599,9341.187903466,-1.3,0.006695534000755288
542,9341.244575,9341.235124424667,-1.1,0.009450575333175948
543,9341.294552,9341.298665184668,-1.1,0.004113184668312897
544,9341.344546,9341.351144445332,-1.1,0.006598445332201663
545,9341.394552,9341.395009112333,-1.0,0.0004571123336063465
546,9341.444575,9341.442377226667,-0.8999999999999999,0.0021977733322273707
547,9341.494554,9341.487590393,-0.7999999999999999,0.006963607000216143
548,9341.544546000001,9341.542523038668,-0.6000000000000001,0.002022961332841078
549,9341.594548000001,9341.598909142667,-0.30000000000000004,0.004361142666311935
550,9341.644544,9341.634885830666,-0.2,0.009658169334215927
551,9341.69455,9341.698749070332,-0.30000000000000004,0.004199070332106203
552,9341.744555,9341.743172174,-0.30000000000000004,0.0013828259998263093
553,9341.794545,9341.788177528,-0.30000000000000004,0.0063674720004200935
554,9341.84454,9341.843238528001,-0.30000000000000004,0.0013014719988859724
555,9341.894587,9341.888083288333,-0.30000000000000004,0.006503711667392054
556,9341.944553,9341.937966049667,-0.4,0.006586950332348351
557,9341.994541,9341.998579518335,-0.4,0.004038518334709806
558,9342.044552,9342.037312018001,-0.4,0.007239981998282019
559,9342.094546,9342.096473362,-0.4,0.0019273620000603842
560,9342.144551,9342.149637018334,-0.5,0.005086018334623077
561,9342.194554,9342.191144028666,-0.5,0.003409971333894646
562,9342.244541,9342.252446840334,-0.5,0.007905840333478409
563,9342.294568,9342.299277424332,-0.7000000000000001,0.004709424332759227
564,9342.344539,9342.336258507667,-1.0,0.00828049233314232
565,9342.394549,9342.398603486667,-1.3,0.0040544866660638945
566,9342.44453,9342.443064882667,-1.3,0.001465117333282251
567,9342.494551,9342.490455768,-1.3,0.004095231999599491
568,9342.544548,9342.540283632334,-1.3,0.004264367666110047
569,9342.594562,9342.588042028332,-1.3,0.006519971668240032
570,9342.644533,9342.637696153,-1.2,0.006836847000158741
571,9342.69455,9342.698820726,-1.5,0.004270725999958813
572,9342.74453,9342.754309257332,-1.6,0.009779257332411362
573,9342.794546000001,9342.790435986,-1.6,0.004110014000616502
574,9342.844527,9342.840479184333,-1.8,0.004047815666126553
575,9342.894536,9342.890396382667,-2.0,0.004139617332839407
576,9342.944541,9342.937334465667,-2.1,0.0072065343338181265
577,9342.994568,9342.999690236,-2.1,0.005122235999806435
578,9343.044523,9343.053081153334,-2.0,0.00855815333306964
579,9343.09455,9343.094683153,-1.9,0.0001331530002062209
580,9343.144522,9343.148919820002,-1.8,0.004397820001031505
581,9343.194526,9343.190812454666,-1.8,0.0037135453330847668
582,9343.244522,9343.243483945,-1.7,0.0010380550011177547
583,9343.294521,9343.287766819665,-1.8,0.0067541803346102824
584,9343.344518,9343.351194038667,-1.9,0.006676038667137618
585,9343.394522,9343.398367965667,-2.0,0.0038459656661871122
586,9343.444517,9343.453039975333,-2.1,0.008522975333107752
587,9343.494519,9343.492152777335,-2.1,0.0023662226649321383
588,9343.544548,9343.541764371666,-2.1,0.0027836283334181644
589,9343.594527,9343.589158944334,-2.1,0.005368055664803251
590,9343.644518000001,9343.641359611334,-2.2,0.003158388666633982
591,9343.694544,9343.698021965667,-2.0,0.003477965667116223
592,9343.744515,9343.753620360667,-1.9,0.009105360666580964
593,9343.794533,9343.792495704667,-1.8,0.0020372953331389
594,9343.844513,9343.844862788,-1.7,0.00034978800067619886
595,9343.894526,9343.88722383,-1.6,0.007302170000912156
596,9343.944515000001,9343.942052705,-1.6,0.0024622950004413724
597,9343.994562,9344.000033340335,-1.5,0.0054713403351343
598,9344.044509,9344.052393902668,-1.3,0.007884902668592986
599,9344.094512,9344.096702465,-1.3,0.002190465000239783
600,9344.144549,9344.150303444001,-1.3,0.005754444000558578
601,9344.194536,9344.191616434,-1.3,0.0029195660008554114
602,9344.244513,9344.241245214667,-1.3,0.0032677853323548334
603,9344.294511,9344.288521767001,-1.2,0.005989232999127125
604,9344.344505000001,9344.341440548333,-1.2,0.0030644516682514222
605,9344.394539,9344.397159986,-1.1,0.002620985998873948
606,9344.444506,9344.453667537666,-1.1,0.009161537665931974
607,9344.494549000001,9344.498068776998,-1.1,0.003519776997563895
608,9344.544505,9344.542482204333,-1.0,0.0020227956665621605
609,9344.594501,9344.588880819332,-0.7999999999999999,0.00562018066739256
610,9344.644501,9344.641310413,-0.7000000000000001,0.0031905870000628056
611,9344.694519,9344.699873496333,-0.7000000000000001,0.005354496332074632
612,9344.744501000001,9344.753163319334,-0.6000000000000001,0.008662319332870538
613,9344.79452,9344.797319184,-0.7000000000000001,0.002799183999741217
614,9344.844501,9344.849705194332,-0.6000000000000001,0.005204194332691259
615,9344.894499,9344.891730224666,-0.7000000000000001,0.0027687753336067544
616,9344.944497,9344.941602381667,-0.6000000000000001,0.0028946183338121045
617,9344.994539,9344.991020663001,-0.7000000000000001,0.0035183369982405566
618,9345.044497,9345.052596256666,-0.7000000000000001,0.008099256665445864
619,9345.094498,9345.096879506,-0.7000000000000001,0.0023815059994376497
620,9345.144497,9345.150757485668,-0.7000000000000001,0.006260485668462934
621,9345.19451,9345.192494839666,-0.7000000000000001,0.002015160333030508
622,9345.244535,9345.249729131667,-0.7000000000000001,0.0051941316669399384
623,9345.294497,9345.291465474667,-0.7000000000000001,0.0030315253334265435
624,9345.344493,9345.341420933666,-0.7000000000000001,0.0030720663344254717
625,9345.394511,9345.399814391667,-0.6000000000000001,0.005303391666529933
626,9345.444491,9345.435981339333,-0.6000000000000001,0.008509660667186836
627,9345.494491,9345.497289089666,-0.6000000000000001,0.0027980896666122135
628,9345.54449,9345.549721152,-0.6000000000000001,0.005231151999396388
629,9345.59453,9345.588641245666,-0.6000000000000001,0.005888754334591795
630,9345.644489,9345.641690256334,-0.6000000000000001,0.0027987436660623644
631,9345.694495,9345.686623433667,-0.6000000000000001,0.007871566333051305
632,9345.744488,9345.752050714667,-0.7000000000000001,0.007562714667074033
633,9345.794492,9345.801302131,-0.6000000000000001,0.006810130998928798
634,9345.844487,9345.851241787666,-0.6000000000000001,0.006754787666068296
635,9345.894485,9345.895329703666,-0.6000000000000001,0.0008447036652796669
636,9345.944485,9345.952535621002,-0.6000000000000001,0.00805062100153009
637,9345.994486,9345.991487193332,-0.7000000000000001,0.0029988066671648994
638,9346.044485,9346.041019932667,-0.7000000000000001,0.00346506733330898
639,9346.094493,9346.088172516,-0.7000000000000001,0.006320484000752913
640,9346.14448,9346.153144318001,-0.7000000000000001,0.008664318000228377
641,9346.19448,9346.1972661,-0.7000000000000001,0.0027860999998665648
642,9346.244482,9346.249972058,-0.7000000000000001,0.005490057999850251
643,9346.294546000001,9346.28627362,-0.7000000000000001,0.008272380000562407
644,9346.344482,9346.341429308333,-0.7000000000000001,0.003052691667107865
645,9346.394564,9346.387206173,-0.7000000000000001,0.007357827000305406
646,9346.444476,9346.437211005334,-0.7000000000000001,0.007264994666911662
647,9346.494477,9346.496878141666,-0.7000000000000001,0.0024011416662688134
648,9346.54448,9346.551753203334,-0.7999999999999999,0.007273203333170386
649,9346.594491,9346.593499328334,-0.7999999999999999,0.000991671666270122
650,9346.644473,9346.642961276333,-0.8999999999999999,0.0015117236671358114
651,9346.694489,9346.691776745667,-1.0,0.0027122543324367143
652,9346.744476,9346.73894736,-1.2,0.005528640000193263
653,9346.79447,9346.797059558,-1.3,0.0025895579983625794
654,9346.84447,9346.836820474668,-1.4,0.007649525332453777
655,9346.894484,9346.897867349335,-1.5,0.0033833493343990995
656,9346.944492,9346.942872380667,-1.6,0.0016196193337236764
657,9346.994477,9346.990090339332,-1.8,0.004386660668387776
658,9347.044467,9347.042265651666,-2.0,0.002201348333983333
659,9347.094471,9347.091889464,-2.2,0.0025815360004344257
660,9347.14448,9347.154252432667,-2.4,0.009772432666068198
661,9347.19447,9347.198685880334,-2.4,0.004215880333504174
662,9347.244467,9347.252093162,-2.4,0.0076261619997239904
663,9347.294469,9347.293872672,-2.4,0.0005963280000287341
664,9347.344464,9347.341354974,-2.3,0.0031090259999473346
665,9347.394467,9347.391050474665,-2.2,0.003416525334614562
666,9347.444481,9347.441307984667,-2.0,0.0031730153332318878
667,9347.494479,9347.497325963666,-1.6,0.0028469636654335773
668,9347.544472,9347.550625005333,-1.3,0.00615300533354457
669,9347.594485,9347.597505870333,-1.3,0.003020870333784842
670,9347.644462,9347.642195713333,-1.3,0.002266286666781525
671,9347.69446,9347.691433724332,-1.3,0.0030262756681622704
672,9347.744479,9347.741221599334,-1.3,0.003257400667280308
673,9347.794477,9347.786425287,-1.4,0.008051712999076699
674,9347.84446,9347.848264557666,-1.3,0.0038045576657168567
675,9347.894470000001,9347.897579057335,-1.3,0.0031090573338588
676,9347.944461000001,9347.949764797333,-1.3,0.005303797332089744
677,9347.994457,9347.993924818,-1.3,0.0005321820008248324
678,9348.044495,9348.040903724333,-1.2,0.0035912756666220957
679,9348.094461,9348.091732890667,-1.2,0.002728109333475004
680,9348.144456,9348.141314536335,-1.2,0.00314146366508794
681,9348.19447,9348.197043546334,-1.1,0.0025735463332239306
682,9348.244533000001,9348.252980172,-1.1,0.008447171998341219
683,9348.294458,9348.294637422,-0.8999999999999999,0.000179421998836915
684,9348.344453,9348.341739401001,-0.7000000000000001,0.0027135989985254128
685,9348.394470000001,9348.390348171333,-0.6000000000000001,0.004121828667848604
686,9348.444451,9348.441006744999,-0.6000000000000001,0.00344425500043144
687,9348.494486,9348.499852109,-0.6000000000000001,0.00536610900053347
688,9348.544445,9348.550433389999,-0.6000000000000001,0.0059883899994019885
689,9348.594448,9348.597321786667,-0.7000000000000001,0.0028737866668961942
690,9348.644472,9348.650165859,-0.7000000000000001,0.00569385900053021
691,9348.694474,9348.694591296668,-0.7000000000000001,0.00011729666766768787
692,9348.744449,9348.744392088665,-0.7000000000000001,5.6911334468168207e-05
693,9348.794445,9348.788673067333,-0.7000000000000001,0.005771932666903012
694,9348.844441000001,9348.838500911334,-0.7999999999999999,0.005940088667557575
695,9348.894453,9348.901532922,-0.7999999999999999,0.007079921999320504
696,9348.944442,9348.952133317332,-0.8999999999999999,0.0076913173325010575
697,9348.994443,9348.990910234,-0.8999999999999999,0.0035327659988979576
698,9349.044443,9349.052312671001,-0.8999999999999999,0.007869671000662493
699,9349.094445,9349.091886223667,-0.8999999999999999,0.0025587763338990044
700,9349.144438,9349.141432910666,-0.7999999999999999,0.0030050893328734674
701,9349.194442,9349.19095464,-0.7999999999999999,0.0034873599997808924
702,9349.244436,9349.254586067667,-0.7000000000000001,0.01015006766647275
703,9349.294439,9349.298874931334,-0.7000000000000001,0.004435931334228371
704,9349.344437,9349.343276837666,-0.6000000000000001,0.0011601623336900957
705,9349.394444,9349.391365286,-0.5,0.0030787140003667446
706,9349.444452,9349.441892014667,-0.5,0.0025599853324820288
707,9349.494438,9349.492478411,-0.5,0.001959588998943218
708,9349.544436,9349.549728327667,-0.6000000000000001,0.005292327667120844
709,9349.594434,9349.596702858333,-0.7000000000000001,0.0022688583321723854
710,9349.644432000001,9349.652235786332,-0.6000000000000001,0.007803786331351148
711,9349.694435,9349.696325993666,-0.7000000000000001,0.0018909936661657412
712,9349.744476,9349.741344514667,-0.7000000000000001,0.0031314853331423365
713,9349.794472,9349.791771848333,-0.7999999999999999,0.0027001516664313385
714,9349.844431,9349.842454119333,-1.0,0.0019768806669162586
715,9349.894424,9349.886649088,-1.2,0.00777491200096847
716,9349.944429000001,9349.953063015333,-1.3,0.008634015332063427
717,9349.994481,9349.997194275667,-1.4,0.0027132756677019643
718,9350.044432,9350.052957128999,-1.5,0.008525128998371656
719,9350.094456,9350.089160817333,-1.6,0.005295182667396148
720,9350.144423,9350.141427545666,-1.7,0.0029954543333587935
721,9350.194428,9350.189431567333,-1.8,0.004996432668121997
722,9350.244423,9350.248179139668,-1.8,0.0037561396675300784
723,9350.29444,9350.298029608333,-1.9,0.003589608333641081
724,9350.344423,9350.351948410334,-2.1,0.007525410333983018
725,9350.394432000001,9350.396259702,-2.2,0.0018277019989909604
726,9350.444423,9350.451712983666,-2.2,0.007289983665032196
727,9350.494425,9350.490575515,-2.1,0.0038494850014103577
728,9350.54442,9350.541026796333,-2.0,0.003393203667656053
729,9350.594419000001,9350.591087358667,-2.0,0.0033316413337161066
730,9350.644421,9350.649673754333,-2.0,0.005252754332104814
731,9350.694419,9350.696746952333,-1.8,0.002327952333871508
732,9350.744418,9350.735645046334,-1.7,0.008772953666266403
733,9350.794446,9350.787929473334,-1.5,0.006516526666018763
734,9350.844417,9350.843207515001,-1.3,0.0012094849989807699
735,9350.894416000001,9350.888300983666,-1.3,0.00611501633466105
736,9350.94443,9350.952037181332,-1.2,0.00760718133278715
737,9350.994437,9350.998748733668,-1.2,0.004311733668146189
738,9351.044433000001,9351.051874358332,-1.1,0.007441358331561787
739,9351.094406,9351.093433493334,-0.8999999999999999,0.0009725066665851045
740,9351.144411,9351.143261118666,-0.7000000000000001,0.0011498813328216784
741,9351.19441,9351.188528295334,-0.5,0.00588170466653537
742,9351.244414,9351.240789993335,-0.30000000000000004,0.003624006665631896
743,9351.294413,9351.301839191667,-0.1,0.007426191667036619
744,9351.344409,9351.349656879,0.2,0.005247879000307876
745,9351.394411,9351.396508920667,0.4,0.002097920667438302
746,9351.444408,9351.452377712667,0.6000000000000001,0.007969712667545537
747,9351.494423,9351.490938285333,0.7000000000000001,0.003484714667138178
748,9351.544406,9351.540313170999,0.7999999999999999,0.004092829001820064
749,9351.594407,9351.590904441333,0.7000000000000001,0.0035025586676056264
750,9351.644406,9351.652268087335,0.7000000000000001,0.007862087335524848
751,9351.694405,9351.696577087,0.7000000000000001,0.0021720869990531355
752,9351.744401,9351.752297868667,0.6000000000000001,0.007896868666648516
753,9351.794404,9351.793529972667,0.4,0.0008740273333387449
754,9351.844415,9351.841015191,0.4,0.003399809000256937
755,9351.894404,9351.892656129,0.4,0.001747870999679435
756,9351.944398,9351.937305066667,0.4,0.007092933332387474
757,9351.994403,9352.001952628334,0.4,0.007549628333435976
758,9352.044399,9352.052553472668,0.4,0.008154472667229129
759,9352.094402,9352.096609826667,0.4,0.002207826666563051
760,9352.144423,9352.146860764,0.4,0.0024377640002057888
761,9352.194393,9352.188682826667,0.4,0.005710173332772683
762,9352.244397,9352.241615410334,0.4,0.0027815896664833417
763,9352.294396,9352.291296190666,0.4,0.0030998093334346777
764,9352.344394,9352.348586108,0.4,0.004192108001007
765,9352.394400000001,9352.398067722334,0.30000000000000004,0.003667722332465928
766,9352.444396,9352.433907003333,0.30000000000000004,0.01048899666784564
767,9352.494395,9352.491996535,0.2,0.0023984649997146334
768,9352.544395,9352.552462868332,0.2,0.008067868331636419
769,9352.594389,9352.591394690668,0.1,0.002994309332279954
770,9352.644394,9352.641561826,-0.1,0.0028321740010142094
771,9352.694392,9352.702143284334,-0.2,0.00775128433451755
772,9352.744387,9352.751250358,-0.4,0.006863357999463915
773,9352.794392,9352.792657784667,-0.7000000000000001,0.0017342153332720045
774,9352.844386,9352.845204117999,-1.0,0.000818117998278467
775,9352.894389000001,9352.891854368,-1.2,0.0025346320016979007
776,9352.944402000001,9352.941397659999,-1.4,0.003004340002007666
777,9352.99439,9352.990903023667,-1.5,0.0034869763330789283
778,9353.044407,9353.05027841,-1.5,0.005871410001418553
779,9353.094404,9353.099952003,-1.5,0.005548003000512836
780,9353.144381,9353.150722534334,-1.5,0.006341534333841992
781,9353.194431,9353.194776139,-1.5,0.0003451390002737753
782,9353.244382,9353.239336014,-1.5,0.0050459860012779245
783,9353.294417000001,9353.288078753001,-1.4,0.006338246999803232
784,9353.344378,9353.340371607666,-1.5,0.004006392333394615
785,9353.394381,9353.396812388333,-1.5,0.0024313883332069963
786,9353.444377,9353.452610200668,-1.5,0.008233200667746132
787,9353.494377,9353.491416586,-1.5,0.002960414001790923
788,9353.544375,9353.542196472,-1.5,0.002178527998694335
789,9353.594376000001,9353.588482514,-1.5,0.005893486000786652
790,9353.644397,9353.641262316,-1.5,0.00313468400054262
791,9353.694378,9353.691003846334,-1.5,0.003374153666300117
792,9353.744375,9353.750533732333,-1.5,0.006158732332551153
793,9353.794399,9353.791792003,-1.5,0.0026069970008393284
794,9353.844407,9353.842803409,-1.5,0.0016035910011851229
795,9353.894375,9353.89178693,-1.5,0.0025880699995468603
796,9353.944371,9353.941306076333,-1.5,0.003064923666897812
797,9353.994376,9353.991998190333,-1.6,0.0023778096674504923
798,9354.044369000001,9354.036465701,-1.6,0.007903299001554842
799,9354.094399,9354.097891658666,-1.6,0.0034926586668007076
800,9354.144368,9354.152531086667,-1.6,0.008163086667991593
801,9354.194367,9354.194117044666,-1.5,0.00024995533385663293
802,9354.244366,9354.250085502666,-1.5,0.0057195026656700065
803,9354.294406,9354.289148482334,-1.4,0.005257517666905187
804,9354.344364,9354.341472138001,-1.4,0.002891861999160028
805,9354.394371,9354.402405097,-1.5,0.008034096999836038
806,9354.444364,9354.452332638,-1.5,0.007968637999510975
807,9354.494368,9354.496427107333,-1.5,0.002059107333479915
808,9354.544365,9354.547073554666,-1.5,0.00270855466624198
809,9354.594367,9354.594049575668,-1.5,0.0003174243320245296
810,9354.644361,9354.643736044,-1.6,0.0006249560010473942
811,9354.694388,9354.691553398667,-1.6,0.002834601333233877
812,9354.744371,9354.747268554334,-1.6,0.002897554333685548
813,9354.794359,9354.796877221,-1.6,0.0025182210010825656
814,9354.844372,9354.852254314666,-1.7,0.007882314666858292
815,9354.894358,9354.897168221334,-1.9,0.0028102213345846394
816,9354.944359000001,9354.941578690332,-2.1,0.002780309669105918
817,9354.994358,9354.991213564666,-2.4,0.003144435333524598
818,9355.044357,9355.041209919,-2.6,0.0031470810008613626
819,9355.094358,9355.097528721,-2.8,0.003170721000060439
820,9355.144371,9355.152738512666,-2.8,0.008367512666154653
821,9355.194356,9355.191528325,-2.8,0.0028276749999349704
822,9355.244356000001,9355.250854439666,-2.8,0.006498439664937905
823,9355.3444,9355.342544491667,-2.8,0.0018555083333922084
824,9355.394356,9355.400313481667,-2.8,0.005957481665973319
825,9355.444357,9355.450590356333,-2.7,0.006233356332813855
826,9355.494354,9355.497866481666,-2.7,0.0035124816658935742
827,9355.544349,9355.552261346334,-2.8,0.007912346334705944
828,9355.594404,9355.590860564333,-2.7,0.0035434356668702094
829,9355.644348,9355.641684169,-2.6,0.0026638309991540154
830,9355.694348,9355.688667971333,-2.6,0.005680028667484294
831,9355.744347,9355.741815345666,-2.6,0.00253165433423419
832,9355.794365,9355.801551461,-2.6,0.007186460999946576
833,9355.844345,9355.852526096,-2.6,0.008181096000043908
834,9355.894348,9355.896608116667,-2.6,0.0022601166674576234
835,9355.94443,9355.941822627,-2.6,0.002607372998681967
836,9355.994362,9355.989174783332,-2.6,0.005187216667764005
837,9356.044345,9356.041518762668,-2.4,0.0028262373325560475
838,9356.094349,9356.086739554,-2.2,0.007609446000060416
839,9356.144339,9356.150542522999,-2.0,0.006203522998475819
840,9356.194345,9356.197348825333,-1.7,0.003003825333507848
841,9356.244341,9356.253105387,-1.3,0.008764387001065188
842,9356.294355,9356.291960387,-1.0,0.00239461300043331
843,9356.344352,9356.341589617,-0.7999999999999999,0.0027623829992080573
844,9356.39434,9356.388248565,-0.7000000000000001,0.006091435001508216
845,9356.444373,9356.438060481334,-0.7000000000000001,0.006312518666163669
846,9356.494356000001,9356.498392867,-0.6000000000000001,0.004036866999740596
847,9356.544365,9356.551055960334,-0.30000000000000004,0.006690960333799012
848,9356.59437,9356.598227053666,-0.1,0.0038570536653423915
849,9356.644332,9356.640441429334,-0.1,0.0038905706660443684
850,9356.694343000001,9356.69228496,-0.1,0.0020580400014296174
851,9356.744335,9356.742196731,-0.1,0.0021382689992606174
852,9356.794345,9356.799536449334,0.2,0.005191449334233766
853,9356.844331,9356.853681377,0.4,0.009350377000373555
854,9356.894337,9356.894893917999,0.7000000000000001,0.0005569179993472062
855,9356.944342,9356.947540877001,1.0,0.00319887700061372
856,9356.994347,9356.989690178665,1.3,0.004656821334720007
857,9357.044328,9357.042508772332,1.5,0.0018192276675108587
858,9357.094345,9357.089260054001,1.5,0.00508494599853293
859,9357.144331,9357.139080845334,1.5,0.005250154665191076
860,9357.194345,9357.197792376666,1.4,0.0034473766663722927
861,9357.244324,9357.233649376667,1.4,0.01067462333230651
862,9357.294326000001,9357.294216720667,1.3,0.00010927933362836484
863,9357.344324,9357.343845168001,1.2,0.00047883199840725865
864,9357.394329,9357.391854075,1.2,0.002474925000569783
865,9357.444336,9357.441586387,1.1,0.0027496130005602026
866,9357.494326,9357.500682897335,1.1,0.00635689733462641
867,9357.544324,9357.553077387332,1.1,0.008753387332035345
868,9357.594349,9357.596933220666,1.1,0.002584220665085013
869,9357.644318,9357.651320803667,1.0,0.007002803666182444
870,9357.694323,9357.692847574,1.0,0.0014754259991605068
871,9357.74432,9357.742470949666,0.8999999999999999,0.0018490503334760433
872,9357.794337,9357.789613459334,0.7999999999999999,0.004723540665509063
873,9357.844345,9357.837054626332,0.6000000000000001,0.0072903736672742525
874,9357.89432,9357.889078500999,0.4,0.005241499000476324
875,9357.944313,9357.953609490665,0.1,0.009296490665292367
876,9357.994342,9357.997822251666,-0.1,0.0034802516656782245
877,9358.044358000001,9358.042478001335,-0.30000000000000004,0.001879998666481697
878,9358.094316,9358.093054189332,-0.4,0.0012618106684385566
879,9358.14431,9358.139912845,-0.6000000000000001,0.004397155000333441
880,9358.194311,9358.202078323999,-0.7000000000000001,0.007767323999360087
881,9358.244309,9358.250172543001,-1.0,0.005863543001396465
882,9358.294313,9358.291648668,-1.4,0.0026643319997674553
883,9358.344309,9358.353159563334,-1.7,0.008850563333908212
884,9358.394312,9358.389324136333,-1.9,0.004987863667338388
885,9358.444307,9358.442023574333,-2.1,0.002283425666973926
886,9358.494326,9358.489362449,-2.4,0.004963551000400912
887,9358.544312,9358.536347647,-2.5,0.007964353000716073
888,9358.594307,9358.597620386667,-2.6,0.003313386667286977
889,9358.644306,9358.651686480334,-2.7,0.007380480334177264
890,9358.694304,9358.693194511334,-2.8,0.0011094886667706305
891,9358.744421,9358.750471907666,-2.9,0.006050907666576677
892,9358.794325,9358.789193428334,-3.0,0.005131571666424861
893,9358.844317000001,9358.851032094333,-3.0,0.006715094332321314
894,9358.894308,9358.897600032,-3.0,0.003292031999080791
895,9358.944316000001,9358.947468511,-2.8,0.0031525109989161137
896,9358.994302000001,9358.998014157667,-2.6,0.0037121576660865685
897,9359.044297,9359.04237222,-2.5,0.0019247800009907223
898,9359.094305,9359.091493115333,-2.4,0.0028118846676079556
899,9359.144352,9359.143937938,-2.3,0.0004140619985264493
900,9359.194314,9359.186846845,-2.4,0.0074671550009952625
901,9359.244302000001,9359.243748532666,-2.5,0.0005534673346119234
902,9359.294317,9359.298841376334,-2.6,0.00452437633430236
903,9359.344382,9359.347167844335,-2.8,0.002785844335448928
904,9359.394298000001,9359.396980803333,-2.9,0.0026828033314814093
905,9359.444295,9359.441319011667,-2.8,0.0029759883327642456
906,9359.49435,9359.489232063666,-2.8,0.005117936334499973
907,9359.544299000001,9359.536433022,-2.8,0.007865978001063922
908,9359.594337,9359.596923928,-2.7,0.0025869279998005368
909,9359.644291,9359.65275774,-2.7,0.00846673999876657
910,9359.694295,9359.697256469333,-2.7,0.0029614693339681253
911,9359.744289,9359.745709126,-2.7,0.001420126000084565
912,9359.794294,9359.790158667,-2.6,0.0041353329997946275
913,9359.844314,9359.840033677334,-2.6,0.004280322666090797
914,9359.89429,9359.886274292,-2.6,0.008015708001039457
915,9359.944361,9359.947352417668,-2.5,0.0029914176684542326
916,9359.994560000001,9359.997164115,-2.3,0.0026041149994853185
917,9360.04429,9360.051639886333,-2.2,0.0073498863330314634
918,9360.094288,9360.090548042,-2.2,0.0037399579996417742
919,9360.144316,9360.140491458666,-2.1,0.003824541334324749
920,9360.19429,9360.188694355,-2.0,0.005595644999630167
921,9360.244285,9360.238202177334,-2.0,0.0060828226669400465
922,9360.294286,9360.300765500335,-2.0,0.00647950033453526
923,9360.344284,9360.351912053,-1.9,0.007628052999280044
924,9360.394287000001,9360.395988198,-1.7,0.0017011979998642346
925,9360.444285,9360.445795969667,-1.5,0.0015109696669242112
926,9360.494289,9360.490306791666,-1.3,0.003982208334491588
927,9360.544283000001,9360.540147678,-1.0,0.004135322000365704
928,9360.594281,9360.591134688333,-0.7999999999999999,0.0031463116665690904
929,9360.6443,9360.652869812666,-0.7999999999999999,0.008569812665882637
930,9360.694281,9360.697203458334,-0.7999999999999999,0.0029224583340692334
931,9360.744282,9360.751449374999,-0.7999999999999999,0.007167374998971354
932,9360.794293,9360.792850146,-0.7999999999999999,0.0014428540016524494
933,9360.844321,9360.840223313,-0.7999999999999999,0.004097687000466976
934,9360.894284,9360.889485802332,-0.7999999999999999,0.004798197667696513
935,9360.944281,9360.953234302,-0.8999999999999999,0.008953302000008989
936,9360.994278,9360.997368427332,-1.0,0.003090427331699175
937,9361.044274,9361.050576927333,-1.0,0.006302927333308617
938,9361.094287,9361.097650459,-0.7999999999999999,0.0033634589999564923
939,9361.144271000001,9361.142096292,-0.7999999999999999,0.002174708000893588
940,9361.194284000001,9361.188866011,-0.7999999999999999,0.005417989001216483
941,9361.244270000001,9361.238626729,-0.7999999999999999,0.0056432710007356945
942,9361.294273,9361.286276011,-0.8999999999999999,0.007996988999366295
943,9361.344269000001,9361.350771823334,-1.0,0.006502823332994012
944,9361.394273,9361.394937386001,-1.0,0.0006643860015174141
945,9361.444274,9361.444338615,-1.1,6.461500015575439e-05
946,9361.494274,9361.489027583333,-1.1,0.005246416667432641
947,9361.54426,9361.541435041667,-1.0,0.0028249583338038065
948,9361.594266,9361.599400291667,-1.1,0.005134291666763602
949,9361.644265,9361.652275072667,-1.0,0.008010072666365886
950,9361.694267,9361.696669354,-1.0,0.0024023539990594145
951,9361.744261,9361.751257312,-1.0,0.0069963120004103985
952,9361.79428,9361.795581874667,-0.8999999999999999,0.001301874666751246
953,9361.844273,9361.840165031332,-0.8999999999999999,0.004107968668904505
954,9361.894264,9361.891832051999,-0.8999999999999999,0.0024319480016856687
955,9361.944257000001,9361.941511062001,-0.8999999999999999,0.0027459379998617806
956,9361.994294,9361.997377364667,-0.8999999999999999,0.003083364666963462
957,9362.044257,9362.050193989,-0.8999999999999999,0.0059369890004745685
958,9362.094259,9362.094540895667,-0.8999999999999999,0.0002818956672854256
959,9362.144258,9362.150856895334,-0.8999999999999999,0.006598895333809196
960,9362.194276,9362.18710575,-0.8999999999999999,0.007170250000854139
961,9362.244254000001,9362.242218228668,-0.8999999999999999,0.002035771332884906
962,9362.294251,9362.299155489,-1.0,0.004904489000182366
963,9362.344254,9362.335486177333,-1.0,0.00876782266641385
964,9362.394257,9362.398276551334,-1.0,0.004019551333840354
965,9362.444249,9362.453280239333,-1.1,0.009031239333125995
966,9362.494251,9362.492029833333,-1.1,0.0022211666673683794
967,9362.544278,9362.5416515,-1.2,0.0026264999996783445
968,9362.594253,9362.589369364,-1.2,0.004883636000158731
969,9362.644251,9362.650589937,-1.1,0.006338937000691658
970,9362.694254,9362.697666968,-1.2,0.0034129680007026764
971,9362.794264,9362.797808103667,-1.1,0.0035441036670817994
972,9362.844253,9362.84267652,-1.1,0.0015764799991302425
973,9362.894244000001,9362.892185927,-1.1,0.0020580730015353765
974,9362.944244,9362.939524562,-1.0,0.004719438000392984
975,9362.994248,9362.990102853333,-0.8999999999999999,0.004145146667724475
976,9363.044244,9363.053184895667,-0.7999999999999999,0.008940895666455617
977,9363.094247,9363.097425051668,-0.7999999999999999,0.003178051667418913
978,9363.144241,9363.151610927,-0.7999999999999999,0.007369926999672316
979,9363.194248,9363.193120885,-0.7999999999999999,0.001127114999690093
980,9363.244241,9363.240898217666,-0.7999999999999999,0.0033427823345846264
981,9363.29427,9363.291433728999,-0.7999999999999999,0.002836271001797286
982,9363.34424,9363.349294614001,-0.8999999999999999,0.005054614000982838
983,9363.394256,9363.398934187,-0.7999999999999999,0.004678187000536127
984,9363.444247,9363.452472905334,-0.7999999999999999,0.008225905334256822
985,9363.494277,9363.493940301001,-0.7999999999999999,0.00033669899858068675
986,9363.544244,9363.548693145,-1.0,0.004449144998943666
987,9363.594243,9363.590218624666,-0.8999999999999999,0.004024375333756325
988,9363.644237,9363.639891781,-0.7999999999999999,0.0043452190002426505
989,9363.694239,9363.690666457667,-0.7000000000000001,0.0035725423331314232
990,9363.744235,9363.751541645333,-0.7999999999999999,0.007306645333301276
991,9363.794262,9363.795580634334,-0.7999999999999999,0.0013186343348934315
992,9363.844237,9363.849429415668,-0.7000000000000001,0.005192415668716421
993,9363.894234,9363.892171051666,-0.7000000000000001,0.002062948333332315
994,9363.944234,9363.942121905333,-0.7000000000000001,0.002112094667609199
995,9363.994233,9363.991445748667,-0.6000000000000001,0.002787251332847518
996,9364.044235,9364.036527957333,-0.6000000000000001,0.007707042666879715
997,9364.094241,9364.097197019666,-0.6000000000000001,0.002956019665361964
998,9364.144235,9364.149475144666,-0.4,0.005240144666458946
999,9364.194231,9364.196468373666,-0.30000000000000004,0.0022373736665031174
1000,9364.24423,9364.241323957667,-0.30000000000000004,0.002906042333052028
1001,9364.294231,9364.290888863667,-0.30000000000000004,0.003342136333230883
1002,9364.344229,9364.34063052,-0.30000000000000004,0.003598479999709525
1003,9364.394245,9364.390229624,-0.2,0.0040153760000976035
1004,9364.444227,9364.451974301333,0.0,0.007747301333438372
1005,9364.494224,9364.493327925667,0.2,0.0008960743325587828
1006,9364.54423,9364.549456207333,0.4,0.005226207333180355
1007,9364.594225,9364.590890228,0.5,0.003334772000016528
1008,9364.644222,9364.640963301,0.8999999999999999,0.0032586990000709193
1009,9364.694224,9364.689611134001,1.2,0.004612865999661153
1010,9364.744218,9364.736825832666,1.3,0.0073921673338190885
1011,9364.794221,9364.797718259,1.4,0.0034972590001416393
1012,9364.844217,9364.853477592334,1.5,0.009260592334612738
1013,9364.894222,9364.89218429,1.5,0.0020377100008772686
1014,9364.94422,9364.953241155334,1.4,0.00902115533426695
1015,9364.994244,9364.990088842333,1.4,0.004155157666900777
1016,9365.044212,9365.037298874,1.4,0.006913126000654302
1017,9365.094234,9365.097941895,1.4,0.0037078949990245746
1018,9365.144213,9365.153069249,1.4,0.008856249000018579
1019,9365.194223,9365.197422092333,1.5,0.003199092332579312
1020,9365.244213,9365.253074196999,1.5,0.0088611969986232
1021,9365.294216,9365.292162447,1.5,0.0020535530002234736
1022,9365.344209,9365.341758738332,1.4,0.0024502616688550916
1023,9365.394208,9365.391968915666,1.4,0.0022390843332686927
1024,9365.444234,9365.451052581668,1.4,0.006818581667175749
1025,9365.494232000001,9365.497845540667,1.4,0.0036135406662651803
1026,9365.544223,9365.553137081668,1.4,0.008914081667171558
1027,9365.594236,9365.592356061334,1.4,0.001879938667116221
1028,9365.644209,9365.641931061333,1.4,0.002277938667248236
1029,9365.694209,9365.692457509,1.4,0.0017514909995952621
1030,9365.744275000001,9365.742352300998,1.4,0.0019226990025345003
1031,9365.79422,9365.786360831667,1.5,0.007859168332288391
1032,9365.844203,9365.85240129,1.4,0.008198289999199915
1033,9365.894211,9365.896620738333,1.5,0.002409738332062261
1034,9365.944202,9365.949237310666,1.5,0.005035310665334691
1035,9365.994206,9365.990839436334,1.5,0.0033665636656223796
1036,9366.044202000001,9366.040575082,1.5,0.0036269180018280167
1037,9366.094234,9366.09099004,1.5,0.0032439599999634083
1038,9366.144221,9366.147237123,1.5,0.0030161229988152627
1039,9366.194213,9366.196863956668,1.5,0.002650956666911952
1040,9366.244204,9366.253304863,1.5,0.009100862998820958
1041,9366.294239,9366.292252665335,1.5,0.0019863346660713432
1042,9366.344196,9366.341903540333,1.5,0.0022924596669327
1043,9366.394217000001,9366.391074320667,1.5,0.0031426793339051073
1044,9366.444195,9366.441206008667,1.5,0.002988991333040758
1045,9366.494212,9366.501943060333,1.5,0.007731060333753703
1046,9366.544189,9366.550001914333,1.5,0.005812914332636865
1047,9366.594194,9366.594211498334,1.5,1.749833427311387e-05
1048,9366.644192,9366.652783946332,1.5,0.008591946332671796
1049,9366.694197,9366.691573185335,1.1,0.0026238146656396566
1050,9366.744208,9366.741220893999,0.7999999999999999,0.002987106001455686
1051,9366.794191,9366.788398394,0.7000000000000001,0.0057926060017052805
1052,9366.844189,9366.850079519,0.6000000000000001,0.005890518999876804
1053,9366.894195,9366.898336685668,0.4,0.0041416856674914015
1054,9366.944189,9366.943535196333,0.4,0.0006538036668644054
1055,9366.994191,9366.990191477,0.30000000000000004,0.003999522999947658
1056,9367.044188,9367.040243112666,-0.2,0.0039448873340006685
1057,9367.094188000001,9367.092018383333,-0.7999999999999999,0.0021696166677429574
1058,9367.144236,9367.149559362333,-1.6,0.005323362333001569
1059,9367.194184,9367.201673862,-1.9,0.0074898620005114935
1060,9367.244184000001,9367.250523976667,-2.0,0.006339976665913127
1061,9367.294183,9367.292055592,-2.3,0.0021274079990689643
1062,9367.344186,9367.341613456,-2.4,0.0025725440009409795
1063,9367.394187,9367.391294133,-2.4,0.002892866999900434
1064,9367.444215,9367.441538279,-2.4,0.002676721000170801
1065,9367.494182,9367.500461935666,-2.4,0.0062799356655887095
1066,9367.544183,9367.536682842,-2.2,0.0075001580007665325
1067,9367.5942,9367.59593355,-2.0,0.0017335499996988801
1068,9367.644184,9367.650103320333,-1.9,0.005919320332395728
1069,9367.694174,9367.695063757667,-1.8,0.0008897576663002837
1070,9367.744183,9367.739412258,-1.8,0.00477074199989147
1071,9367.79418,9367.790644007666,-1.7,0.0035359923349460587
1072,9367.844181,9367.852146435,-1.4,0.007965434999277932
1073,9367.894176,9367.901710508333,-1.3,0.0075345083332649665
1074,9367.944184,9367.949620487667,-1.3,0.005436487666884204
1075,9367.994176,9367.996492987668,-1.3,0.0023169876676547574
1076,9368.044193,9368.049365914,-1.3,0.005172913999558659
1077,9368.094174,9368.091314351666,-1.3,0.002859648333469522
1078,9368.14417,9368.141141799999,-1.3,0.003028200000699144
1079,9368.194174,9368.191236945,-1.2,0.0029370550000749063
1080,9368.244172,9368.252138164333,-1.0,0.00796616433217423
1081,9368.294168,9368.296977153666,-1.0,0.0028091536660213023
1082,9368.344178,9368.350102904,-1.0,0.00592490400049428
1083,9368.394172,9368.388832143333,-1.0,0.005339856666978449
1084,9368.44417,9368.441218945001,-1.0,0.0029510549993574386
1085,9368.494185,9368.491482830334,-0.7999999999999999,0.002702169666008558
1086,9368.544166,9368.536583549667,-0.7000000000000001,0.007582450332847657
1087,9368.594189,9368.596258851667,-0.7000000000000001,0.0020698516673292033
1088,9368.644175,9368.635543195667,-0.6000000000000001,0.008631804332253523
1089,9368.694168,9368.694494164334,-0.6000000000000001,0.00032616433418297675
1090,9368.744161,9368.741669820334,-0.5,0.002491179666321841
1091,9368.794167,9368.792009580333,-0.4,0.0021574196671281243
1092,9368.844164,9368.841747414333,-0.30000000000000004,0.002416585666651372
1093,9368.894167,9368.890803090666,-0.2,0.003363909334439086
1094,9368.944158,9368.945735851,-0.2,0.0015778510005475255
1095,9368.994159,9368.997887861666,-0.2,0.003728861665877048
1096,9369.044156,9369.042521507667,-0.2,0.0016344923333235784
1097,9369.09416,9369.090787497667,-0.2,0.003372502333149896
1098,9369.144212000001,9369.153275872333,-0.2,0.00906387233226269
1099,9369.194174,9369.187076633,-0.2,0.007097367000824306
1100,9369.244155,9369.250931039,-0.1,0.006776038999305456
1101,9369.294156,9369.299517174335,-0.1,0.005361174335121177
1102,9369.344165,9369.353037299,-0.2,0.008872299000358908
1103,9369.394169000001,9369.391693976,-0.30000000000000004,0.0024750240008870605
1104,9369.444176,9369.441379736667,-0.6000000000000001,0.0027962633339484455
1105,9369.494248,9369.493480997333,-1.0,0.000767002667998895
1106,9369.544152,9369.538074788667,-1.5,0.006077211333831656
1107,9369.594158,9369.598141528666,-2.2,0.003983528666140046
1108,9369.644175,9369.637004350667,-2.5,0.007170649332692847
1109,9369.694151,9369.699047111668,-3.0,0.004896111668131198
1110,9369.744145,9369.743396257334,-3.1,0.000748742666473845
1111,9369.794156,9369.792745007,-3.1,0.0014109929998085136
1112,9369.844184,9369.842617580667,-3.1,0.0015664193324482767
1113,9369.894159,9369.89935632,-3.1,0.005197320000661421
1114,9369.94415,9369.951561298665,-3.1,0.007411298665829236
1115,9369.994146000001,9369.996043018,-3.1,0.0018970179989992175
1116,9370.04415,9370.046410954666,-3.1,0.00226095466678089
1117,9370.094161,9370.092383195,-3.1,0.0017778050005290424
1118,9370.144155,9370.142039622,-3.1,0.0021153779998712707
1119,9370.194160000001,9370.192229007667,-2.9,0.0019309923336550128
1120,9370.244142,9370.241852402667,-2.9,0.0022895973324921215
1121,9370.29418,9370.297816288332,-2.9,0.003636288331108517
1122,9370.344179,9370.351017694999,-2.9,0.006838694998805295
1123,9370.394139,9370.397817089999,-2.9,0.0036780899990844773
1124,9370.44414,9370.442153694667,-2.9,0.0019863053330482217
1125,9370.494142,9370.492261955334,-2.9,0.0018800446650857339
1126,9370.544146,9370.542215923333,-3.0,0.0019300766671221936
1127,9370.594151,9370.586942392334,-3.0,0.0072086076652340125
1128,9370.644132,9370.651398153,-3.5,0.007266153001182829
1129,9370.694141,9370.699451944,-4.0,0.005310943999575102
1130,9370.744135,9370.743637569,-4.3,0.0004974310013494687
1131,9370.794133,9370.792594247,-4.6,0.0015387530002044514
1132,9370.844153,9370.842479173334,-5.2,0.0016738266658649081
1133,9370.89415,9370.888861558667,-6.2,0.005288441332595539
1134,9370.944136,9370.938297976,-8.0,0.005838024000695441
1135,9370.994145,9370.994953069667,-10.7,0.0008080696661636466
1136,9371.044132,9371.036711725334,-11.9,0.007420274667310878
1137,9371.094131,9371.092693403,-12.9,0.0014375970004039118
1138,9371.144129,9371.142380506999,-13.0,0.0017484930012869881
1139,9371.194126,9371.192573059,-12.7,0.0015529410011367872
1140,9371.244138,9371.242322506667,-12.5,0.0018154933331970824
1141,9371.294129,9371.299456225333,-12.1,0.005327225333530805
1142,9371.344127,9371.345459996,-12.1,0.001332996000201092
1143,9371.394128,9371.398025215332,-12.1,0.003897215332472115
1144,9371.444127,9371.442966048333,-12.1,0.0011609516677708598
1145,9371.494145,9371.492424048667,-12.1,0.0017209513334819349
1146,9371.544123,9371.542057007,-12.1,0.0020659929996327264
1147,9371.594142,9371.592151798666,-11.8,0.001990201333683217
1148,9371.644126000001,9371.636605236,-11.4,0.00752076400021906
1149,9371.694125,9371.699038475334,-10.6,0.00491347533352382
1150,9371.744132,9371.753604746,-9.9,0.009472746000028565
1151,9371.794137,9371.792554818667,-9.1,0.0015821813340153312
1152,9371.844119,9371.842616193666,-8.2,0.001502806333519402
1153,9371.894121,9371.892181037334,-7.1,0.001939962665346684
1154,9371.944171000001,9371.939113829332,-5.9,0.005057170668806066
1155,9371.994136,9371.997697569,-4.1,0.003561569001249154
1156,9372.044118,9372.053759652666,-2.6,0.00964165266668715
1157,9372.094126,9372.098159996,-1.2,0.004033995999634499
1158,9372.144117,9372.142603350665,0.2,0.001513649334810907
1159,9372.194119,9372.192338735333,1.3,0.0017802646671043476
1160,9372.244114000001,9372.242460215,2.4,0.001653785000598873
1161,9372.294115,9372.300555162667,3.2,0.006440162665967364
1162,9372.344114,9372.351112683,3.3,0.006998683000347228
1163,9372.394117,9372.397827277,3.3,0.0037102770002093166
1164,9372.444112000001,9372.453870027333,3.2,0.009758027332281927
1165,9372.494146000001,9372.492670891334,3.2,0.0014751086673641112
1166,9372.544117,9372.542386579,3.2,0.0017304209995927522
1167,9372.59411,9372.592297475,3.2,0.0018125250007869909
1168,9372.644122,9372.636769131,3.2,0.007352868999078055
1169,9372.69411,9372.697995328666,3.2,0.003885328666001442
1170,9372.744118,9372.737310953667,3.2,0.006807046333051403
1171,9372.794106,9372.798087683334,3.2,0.003981683334131958
1172,9372.844121,9372.842572662334,3.2,0.0015483376664633397
1173,9372.894112,9372.891852286999,3.2,0.0022597130009671673
1174,9372.944105,9372.953917120332,3.2,0.009812120331844199
1175,9372.994137,9372.987447485,3.2,0.006689514999379753
1176,9373.044153,9373.037152839666,3.2,0.007000160334428074
1177,9373.094112,9373.098029506335,3.2,0.003917506333891652
1178,9373.1441,9373.147671808001,3.2,0.0035718080016522435
1179,9373.194102,9373.192348818333,3.2,0.0017531816665723454
1180,9373.2441,9373.242200568335,3.2,0.0018994316651514964
1181,9373.294100000001,9373.291035401666,3.2,0.0030645983351860195
1182,9373.344101,9373.341168641,3.2,0.002932359000624274
1183,9373.394098,9373.397732089667,3.2,0.0036340896658657584
1184,9373.444134,9373.436739214334,3.2,0.007394785665383097
1185,9373.494101,9373.498796287333,3.2,0.0046952873326517874
1186,9373.544097,9373.543293068667,3.2,0.0008039313324843533
1187,9373.594101,9373.586418193,3.2,0.00768280700140167
1188,9373.644094,9373.641381839667,3.2,0.0027121603325213073
1189,9373.694097,9373.700340276333,3.2,0.006243276333407266
1190,9373.744089,9373.739192849667,3.2,0.00489615033256996
1191,9373.794086,9373.797278641332,3.2,0.0031926413321343716
1192,9373.844112,9373.85379985,3.2,0.009687849998954334
1193,9373.894094,9373.892729672334,3.2,0.0013643276652146596
1194,9373.944096000001,9373.942220265668,3.2,0.0018757343332254095
1195,9373.99409,9373.988797443,3.3,0.005292556999847875
1196,9374.044088,9374.03652637,3.3,0.00756163000005472
